<xml xmlns="http://www.w3.org/1999/xhtml">
  <variables>
    <variable type="" id="p/^me|`gch#]~4!gekBP">x</variable>
    <variable type="" id="LG,7U{pb%KxraK?SBh?g">y</variable>
    <variable type="" id="}[,`95lULnOPmE9n||cB">Cantidad</variable>
    <variable type="" id="GAWVp^Bj:o(]{2~`A,Dj">Numero</variable>
    <variable type="" id="[=XfH^3u[i5XJr5V2M,1">Cord_x</variable>
    <variable type="" id="KSh[uA{-Nd,67zP8-uDH">Cord_y</variable>
  </variables>
  <block type="procedures_defnoreturn" id="qx|N:}u*RP`k_}0[ya=G" x="-1263" y="-1466">
    <mutation>
      <arg name="x" varid="p/^me|`gch#]~4!gekBP"></arg>
      <arg name="y" varid="LG,7U{pb%KxraK?SBh?g"></arg>
    </mutation>
    <field name="NAME">Flor</field>
    <comment pinned="false" h="80" w="160">Describe this function...</comment>
    <statement name="STACK">
      <block type="draw_speed" id="(-qlFAeII=0ne`l40Q:J">
        <value name="VALUE">
          <block type="math_number" id="k|.}D;OE^W5vo0/QY0+,">
            <field name="NUM">5</field>
          </block>
        </value>
        <next>
          <block type="draw_color" id="fE@C=iLBQFMC17vXfo7h">
            <value name="COLOR">
              <block type="colour_picker" id="?Pp{12kT8xX4i7[rQi2h">
                <field name="COLOUR">#9999ff</field>
              </block>
            </value>
            <next>
              <block type="begin_fill" id="Fp;r[-:F{$6#;T.Qq@J)">
                <next>
                  <block type="controls_repeat" id="mj%Bi(30m)KW^!,$_cgv">
                    <field name="TIMES">6</field>
                    <statement name="DO">
                      <block type="draw_circle" id="M=16OsBsv4g)IKMtt:8_">
                        <value name="VALUE">
                          <block type="math_number" id="fV8to17kU0tx-tEz9jW+">
                            <field name="NUM">20</field>
                          </block>
                        </value>
                        <next>
                          <block type="draw_turn" id="ur,,UiB(KNhnA1;+KhS_">
                            <field name="DIR">right</field>
                            <value name="VALUE">
                              <block type="math_number" id="Lhb|,s,(XjT~~vbx572:">
                                <field name="NUM">60</field>
                              </block>
                            </value>
                          </block>
                        </next>
                      </block>
                    </statement>
                    <next>
                      <block type="end_fill" id="FcWxr.:8vg@ar*e=^IQp">
                        <next>
                          <block type="draw_pen" id="@t1T-Q%Z?@QodbQ@*3P{">
                            <field name="PEN">penup</field>
                            <next>
                              <block type="goto" id="?AF^lyHxXA%Q17gXd*{]">
                                <value name="X">
                                  <block type="variables_get" id="D3-0Ubsw_*QH(!%-I4oG">
                                    <field name="VAR" id="p/^me|`gch#]~4!gekBP" variabletype="">x</field>
                                  </block>
                                </value>
                                <value name="Y">
                                  <block type="variables_get" id="~mrr|IT:G)w;V,59SO{x">
                                    <field name="VAR" id="LG,7U{pb%KxraK?SBh?g" variabletype="">y</field>
                                  </block>
                                </value>
                                <next>
                                  <block type="draw_pen" id="*JU4e,vF[:$pxH)N8MFG">
                                    <field name="PEN">pendown</field>
                                    <next>
                                      <block type="draw_color" id="Au#r#hj,#)N:p*%c9h(T">
                                        <value name="COLOR">
                                          <block type="colour_picker" id="sU`=fJFte:LQ=2^GUz7R">
                                            <field name="COLOUR">#ffff00</field>
                                          </block>
                                        </value>
                                        <next>
                                          <block type="begin_fill" id="Ws-YhoB^w6u0$(ukJWzq">
                                            <next>
                                              <block type="controls_repeat" id="5H{rNCqp[-2j,k0ioG2|">
                                                <field name="TIMES">6</field>
                                                <statement name="DO">
                                                  <block type="draw_circle" id=":|9O,i~A6At(k:BJchF/">
                                                    <value name="VALUE">
                                                      <block type="math_number" id="AMQEKB9.@m?JlTl4BV]$">
                                                        <field name="NUM">5</field>
                                                      </block>
                                                    </value>
                                                    <next>
                                                      <block type="draw_turn" id="%=n.JabteZQD@.Td[h|2">
                                                        <field name="DIR">right</field>
                                                        <value name="VALUE">
                                                          <block type="math_number" id="N)-{cRZ~:eIG|)%ee0Ie">
                                                            <field name="NUM">60</field>
                                                          </block>
                                                        </value>
                                                      </block>
                                                    </next>
                                                  </block>
                                                </statement>
                                                <next>
                                                  <block type="end_fill" id="?t,JtmfW`(q.Q!cPW:cC"></block>
                                                </next>
                                              </block>
                                            </next>
                                          </block>
                                        </next>
                                      </block>
                                    </next>
                                  </block>
                                </next>
                              </block>
                            </next>
                          </block>
                        </next>
                      </block>
                    </next>
                  </block>
                </next>
              </block>
            </next>
          </block>
        </next>
      </block>
    </statement>
  </block>
  <block type="procedures_defnoreturn" id="$tKf%OcblF.FS1}h-Wq@" x="-849" y="-1358">
    <mutation>
      <arg name="x" varid="p/^me|`gch#]~4!gekBP"></arg>
      <arg name="y" varid="LG,7U{pb%KxraK?SBh?g"></arg>
    </mutation>
    <field name="NAME">Casa</field>
    <comment pinned="false" h="80" w="160">Describe this function...</comment>
    <statement name="STACK">
      <block type="draw_speed" id="XyG4q.Kd%W}-T7Rxd*By">
        <value name="VALUE">
          <block type="math_number" id="8L?z`vWc2VE1o6c?pvDW">
            <field name="NUM">5</field>
          </block>
        </value>
        <next>
          <block type="draw_color" id="Q6]3j{`,UhDV+{FVk|p)">
            <value name="COLOR">
              <block type="colour_picker" id="N?EsZI|?d7.gI[Rz---p">
                <field name="COLOUR">#339999</field>
              </block>
            </value>
            <next>
              <block type="begin_fill" id="E{3aRbyg4X)bhOS70{LJ">
                <next>
                  <block type="controls_repeat" id="c*uAn8z9L9[Ym/)|#xV.">
                    <field name="TIMES">2</field>
                    <statement name="DO">
                      <block type="draw_move" id="HwAfDihEmra]?=]HIFbK">
                        <field name="DIR">forward</field>
                        <value name="VALUE">
                          <block type="math_number" id="`2rv8fTO|;+`7d]_6cp8">
                            <field name="NUM">30</field>
                          </block>
                        </value>
                        <next>
                          <block type="draw_turn" id="vE*Jp=.gt[|)L97x|hZ#">
                            <field name="DIR">right</field>
                            <value name="VALUE">
                              <block type="math_number" id="z[whc@/N%|TI:KV3s,oU">
                                <field name="NUM">90</field>
                              </block>
                            </value>
                            <next>
                              <block type="draw_move" id="Ee%EjX1Mmx;b.B,oZ0li">
                                <field name="DIR">forward</field>
                                <value name="VALUE">
                                  <block type="math_number" id="{YM!A+A]bS^)`+iQR_U+">
                                    <field name="NUM">50</field>
                                  </block>
                                </value>
                                <next>
                                  <block type="draw_turn" id="^WJ%/aPwJ|Dqs2XqseT]">
                                    <field name="DIR">right</field>
                                    <value name="VALUE">
                                      <block type="math_number" id="T@uy?H}8z{kMbw+_@iWn">
                                        <field name="NUM">90</field>
                                      </block>
                                    </value>
                                  </block>
                                </next>
                              </block>
                            </next>
                          </block>
                        </next>
                      </block>
                    </statement>
                    <next>
                      <block type="end_fill" id="K#CSDIDNh?x(IitvU;4^">
                        <next>
                          <block type="draw_color" id="nb?EvR/WV^`I4$gP8D2a">
                            <value name="COLOR">
                              <block type="colour_picker" id="VJ%.=DyT$dgFG1hQ.{VW">
                                <field name="COLOUR">#996633</field>
                              </block>
                            </value>
                            <next>
                              <block type="begin_fill" id="-+uJB__7@Gqcy?,I/JjI">
                                <next>
                                  <block type="draw_move" id="*4n$#H_NbVV%X[u?dMRk">
                                    <field name="DIR">forward</field>
                                    <value name="VALUE">
                                      <block type="math_number" id="5L^WuM1T[pez~]V1mbAh">
                                        <field name="NUM">40</field>
                                      </block>
                                    </value>
                                    <next>
                                      <block type="draw_turn" id=":*^oY|.#!i/g!=aEAYXK">
                                        <field name="DIR">left</field>
                                        <value name="VALUE">
                                          <block type="math_number" id="JnLm5xZ~SEy%sD2?b?Tw">
                                            <field name="NUM">120</field>
                                          </block>
                                        </value>
                                        <next>
                                          <block type="controls_repeat" id="t4RGQ{R$|Ghq:fHJIBDY">
                                            <field name="TIMES">2</field>
                                            <statement name="DO">
                                              <block type="draw_move" id="Hx67(1+={,M*,xHCQ+Ca">
                                                <field name="DIR">forward</field>
                                                <value name="VALUE">
                                                  <block type="math_number" id="zX.xEP67]%l}kTWK6jjg">
                                                    <field name="NUM">50</field>
                                                  </block>
                                                </value>
                                                <next>
                                                  <block type="draw_turn" id="cNgE6L;jU/@ObBe{%6/q">
                                                    <field name="DIR">left</field>
                                                    <value name="VALUE">
                                                      <block type="math_number" id="VU1IJXj7u4+f+0eaWMAq">
                                                        <field name="NUM">120</field>
                                                      </block>
                                                    </value>
                                                  </block>
                                                </next>
                                              </block>
                                            </statement>
                                            <next>
                                              <block type="draw_move" id="fn9+1#{]4.~vJ8XHwa@$">
                                                <field name="DIR">forward</field>
                                                <value name="VALUE">
                                                  <block type="math_number" id="~/wbxs$$cxd9T8wO{tI%">
                                                    <field name="NUM">10</field>
                                                  </block>
                                                </value>
                                                <next>
                                                  <block type="end_fill" id="mJzvup5@oZThJsRSKh%#">
                                                    <next>
                                                      <block type="draw_pen" id="y!jZ5AIBA~WqI5K^hfpO">
                                                        <field name="PEN">penup</field>
                                                        <next>
                                                          <block type="goto" id="$79Jpb@,FjPAMO+hKo{a">
                                                            <value name="X">
                                                              <block type="math_arithmetic" id="aa!]d]CqVJ3`@d-4nrcX">
                                                                <field name="OP">ADD</field>
                                                                <value name="A">
                                                                  <block type="variables_get" id="(K?y5K#*}N`n]sFh~}~!">
                                                                    <field name="VAR" id="p/^me|`gch#]~4!gekBP" variabletype="">x</field>
                                                                  </block>
                                                                </value>
                                                                <value name="B">
                                                                  <block type="math_number" id="uwQ:g.4rx=TTTOVbKzG+">
                                                                    <field name="NUM">30</field>
                                                                  </block>
                                                                </value>
                                                              </block>
                                                            </value>
                                                            <value name="Y">
                                                              <block type="math_arithmetic" id=";Y1^BYts-[i0$bld]Q[%">
                                                                <field name="OP">ADD</field>
                                                                <value name="A">
                                                                  <block type="variables_get" id="4I.7Wum+XOwTKoT!fKY|">
                                                                    <field name="VAR" id="LG,7U{pb%KxraK?SBh?g" variabletype="">y</field>
                                                                  </block>
                                                                </value>
                                                                <value name="B">
                                                                  <block type="math_number" id="*M]{GQM9jQu+::]Hc?E6">
                                                                    <field name="NUM">20</field>
                                                                  </block>
                                                                </value>
                                                              </block>
                                                            </value>
                                                            <next>
                                                              <block type="draw_pen" id="_L]*N*raBQDu;W`E(-,E">
                                                                <field name="PEN">pendown</field>
                                                                <next>
                                                                  <block type="draw_color" id="Pq0yobM{M~+XgOX[rX3`">
                                                                    <value name="COLOR">
                                                                      <block type="colour_picker" id="xR24q%Df:n4Y6|7S9x7K">
                                                                        <field name="COLOUR">#339999</field>
                                                                      </block>
                                                                    </value>
                                                                    <next>
                                                                      <block type="begin_fill" id="q)W`oOuvYdLn2Hv=8m5c">
                                                                        <next>
                                                                          <block type="controls_repeat" id="Mwz,in_qce(63(9LX{[K">
                                                                            <field name="TIMES">2</field>
                                                                            <statement name="DO">
                                                                              <block type="draw_turn" id="Y52zT$6f9@r~z9HG/N@]">
                                                                                <field name="DIR">left</field>
                                                                                <value name="VALUE">
                                                                                  <block type="math_number" id="gx3hy(2IXo8SCf~+)wvI">
                                                                                    <field name="NUM">90</field>
                                                                                  </block>
                                                                                </value>
                                                                                <next>
                                                                                  <block type="draw_move" id="3IK^0)d]kDqSwBHXJOuW">
                                                                                    <field name="DIR">forward</field>
                                                                                    <value name="VALUE">
                                                                                      <block type="math_number" id="5atNKZ)O@Jmt%@9kfJ_4">
                                                                                        <field name="NUM">10</field>
                                                                                      </block>
                                                                                    </value>
                                                                                    <next>
                                                                                      <block type="draw_turn" id="$bK0,;%-Y#jx?59*gD%T">
                                                                                        <field name="DIR">left</field>
                                                                                        <value name="VALUE">
                                                                                          <block type="math_number" id="t_Giw6Lg?Y`0HCPYV~Vb">
                                                                                            <field name="NUM">90</field>
                                                                                          </block>
                                                                                        </value>
                                                                                        <next>
                                                                                          <block type="draw_move" id="EN*~#vV5E1w-{`[@[EnZ">
                                                                                            <field name="DIR">forward</field>
                                                                                            <value name="VALUE">
                                                                                              <block type="math_number" id="zi/d|AR4l]fU+y2cM;g*">
                                                                                                <field name="NUM">5</field>
                                                                                              </block>
                                                                                            </value>
                                                                                          </block>
                                                                                        </next>
                                                                                      </block>
                                                                                    </next>
                                                                                  </block>
                                                                                </next>
                                                                              </block>
                                                                            </statement>
                                                                            <next>
                                                                              <block type="end_fill" id="tfB_JqsOSAvat3RqYM3["></block>
                                                                            </next>
                                                                          </block>
                                                                        </next>
                                                                      </block>
                                                                    </next>
                                                                  </block>
                                                                </next>
                                                              </block>
                                                            </next>
                                                          </block>
                                                        </next>
                                                      </block>
                                                    </next>
                                                  </block>
                                                </next>
                                              </block>
                                            </next>
                                          </block>
                                        </next>
                                      </block>
                                    </next>
                                  </block>
                                </next>
                              </block>
                            </next>
                          </block>
                        </next>
                      </block>
                    </next>
                  </block>
                </next>
              </block>
            </next>
          </block>
        </next>
      </block>
    </statement>
  </block>
  <block type="procedures_defnoreturn" id="s)!q^*iCLb)fJF1|V5lk" x="-386" y="-1364">
    <mutation>
      <arg name="x" varid="p/^me|`gch#]~4!gekBP"></arg>
      <arg name="y" varid="LG,7U{pb%KxraK?SBh?g"></arg>
    </mutation>
    <field name="NAME">Auto</field>
    <comment pinned="false" h="80" w="160">Describe this function...</comment>
    <statement name="STACK">
      <block type="draw_speed" id="[bwMO^Ql)P^Hkq(L`nhS">
        <value name="VALUE">
          <block type="math_number" id="{bMDF5A1t!UNQ3as*K]U">
            <field name="NUM">5</field>
          </block>
        </value>
        <next>
          <block type="goto" id="J*F7iob!)2a%iN/)a434">
            <value name="X">
              <block type="variables_get" id="[b}6C%0};*kil^tSLH-^">
                <field name="VAR" id="p/^me|`gch#]~4!gekBP" variabletype="">x</field>
              </block>
            </value>
            <value name="Y">
              <block type="variables_get" id="gi;=6Yx%~K8te[w=bmN0">
                <field name="VAR" id="LG,7U{pb%KxraK?SBh?g" variabletype="">y</field>
              </block>
            </value>
            <next>
              <block type="draw_color" id="Z|v|P,2I@g)S/FRR2!cV">
                <value name="COLOR">
                  <block type="colour_picker" id="Z@CId(Z{NZ=W(E{_pbaO">
                    <field name="COLOUR">#ff0000</field>
                  </block>
                </value>
                <next>
                  <block type="begin_fill" id="DS.`S+M^KzS/IMQ=x.Yk">
                    <next>
                      <block type="controls_repeat" id="~T@zG8AJUqr4oD}VIaSC">
                        <field name="TIMES">2</field>
                        <statement name="DO">
                          <block type="draw_move" id=":JsEN7rwS;?!qaj`_pH9">
                            <field name="DIR">forward</field>
                            <value name="VALUE">
                              <block type="math_number" id="g5lEusNJMUN03~lHUUge">
                                <field name="NUM">60</field>
                              </block>
                            </value>
                            <next>
                              <block type="draw_turn" id="e^lLDsz)ZF6%.0pr8`p7">
                                <field name="DIR">left</field>
                                <value name="VALUE">
                                  <block type="math_number" id="e~,Yn;0yIVtDIt+l%e@+">
                                    <field name="NUM">90</field>
                                  </block>
                                </value>
                                <next>
                                  <block type="draw_move" id="cycc}.$Zdi;,gU0YVWzZ">
                                    <field name="DIR">forward</field>
                                    <value name="VALUE">
                                      <block type="math_number" id="8_!XwGVqK~Vkn-^2;?(x">
                                        <field name="NUM">15</field>
                                      </block>
                                    </value>
                                    <next>
                                      <block type="draw_turn" id="[=a#XvAi[w!wd?c/-O1?">
                                        <field name="DIR">left</field>
                                        <value name="VALUE">
                                          <block type="math_number" id="XK#[X`B?[4mk6-@AcF|F">
                                            <field name="NUM">90</field>
                                          </block>
                                        </value>
                                      </block>
                                    </next>
                                  </block>
                                </next>
                              </block>
                            </next>
                          </block>
                        </statement>
                        <next>
                          <block type="draw_pen" id="C|x@SMl}2HMoq`O.T[NM">
                            <field name="PEN">penup</field>
                            <next>
                              <block type="goto" id="3h,!w+I53N,X{B!NrBaU">
                                <value name="X">
                                  <block type="math_arithmetic" id="C|qv#HW;oqTBF]sH+ua7">
                                    <field name="OP">ADD</field>
                                    <value name="A">
                                      <block type="variables_get" id=",Itgpi!K3)ZF,a8o~?*e">
                                        <field name="VAR" id="p/^me|`gch#]~4!gekBP" variabletype="">x</field>
                                      </block>
                                    </value>
                                    <value name="B">
                                      <block type="math_number" id="n`Vy4+-Q#Y)fvLO.yp:p">
                                        <field name="NUM">10</field>
                                      </block>
                                    </value>
                                  </block>
                                </value>
                                <value name="Y">
                                  <block type="math_arithmetic" id="S=#)K_:fKrhwE.JoSsWo">
                                    <field name="OP">ADD</field>
                                    <value name="A">
                                      <block type="variables_get" id="cUlE#e4*tb`1_[D9HK9n">
                                        <field name="VAR" id="LG,7U{pb%KxraK?SBh?g" variabletype="">y</field>
                                      </block>
                                    </value>
                                    <value name="B">
                                      <block type="math_number" id="su3PhtZ8[d]qn4PNsltA">
                                        <field name="NUM">15</field>
                                      </block>
                                    </value>
                                  </block>
                                </value>
                                <next>
                                  <block type="draw_pen" id="pLnxH_^A8s6{scymN!P5">
                                    <field name="PEN">pendown</field>
                                    <next>
                                      <block type="controls_repeat" id="nqd95CihwX9dz!qF;;kt">
                                        <field name="TIMES">2</field>
                                        <statement name="DO">
                                          <block type="draw_move" id="Hp|xEr[~#V5=EdFH?hi!">
                                            <field name="DIR">forward</field>
                                            <value name="VALUE">
                                              <block type="math_number" id="R?jmbE__48K20qu;HeDj">
                                                <field name="NUM">40</field>
                                              </block>
                                            </value>
                                            <next>
                                              <block type="draw_turn" id="^p)La;SH|#Ve-lYD.Cjf">
                                                <field name="DIR">left</field>
                                                <value name="VALUE">
                                                  <block type="math_number" id="SI}U/zfssAFV$p6Vl)i+">
                                                    <field name="NUM">90</field>
                                                  </block>
                                                </value>
                                                <next>
                                                  <block type="draw_move" id="Thxvv~u/@gA}X3w`CJyj">
                                                    <field name="DIR">forward</field>
                                                    <value name="VALUE">
                                                      <block type="math_number" id="wdnVzy${Qb=tO.n~{R`4">
                                                        <field name="NUM">10</field>
                                                      </block>
                                                    </value>
                                                    <next>
                                                      <block type="draw_turn" id="%lG*-~w`#OM`7EJc*d@T">
                                                        <field name="DIR">left</field>
                                                        <value name="VALUE">
                                                          <block type="math_number" id="40b(zbmRaq.0sRh0;7j.">
                                                            <field name="NUM">90</field>
                                                          </block>
                                                        </value>
                                                      </block>
                                                    </next>
                                                  </block>
                                                </next>
                                              </block>
                                            </next>
                                          </block>
                                        </statement>
                                        <next>
                                          <block type="end_fill" id=")+]kb4[`o)~(UAgaHqu#">
                                            <next>
                                              <block type="draw_pen" id="wFm*L-6Xj/%fZ`c~tg)h">
                                                <field name="PEN">penup</field>
                                                <next>
                                                  <block type="goto" id="fqJS|!.KKw0~^?r/B:n`">
                                                    <value name="X">
                                                      <block type="math_arithmetic" id="r|~#b^#oa+8N)]DZyLq]">
                                                        <field name="OP">ADD</field>
                                                        <value name="A">
                                                          <block type="variables_get" id="8#/ym]=#}EM._acZY$#6">
                                                            <field name="VAR" id="p/^me|`gch#]~4!gekBP" variabletype="">x</field>
                                                          </block>
                                                        </value>
                                                        <value name="B">
                                                          <block type="math_number" id="80HDjSO$bNiX)NB?y~Gq">
                                                            <field name="NUM">10</field>
                                                          </block>
                                                        </value>
                                                      </block>
                                                    </value>
                                                    <value name="Y">
                                                      <block type="variables_get" id="P%:`og{h-zsJO~gOYwCm">
                                                        <field name="VAR" id="LG,7U{pb%KxraK?SBh?g" variabletype="">y</field>
                                                      </block>
                                                    </value>
                                                    <next>
                                                      <block type="draw_turn" id="vvt}BUz#!1ipGm2KCDv[">
                                                        <field name="DIR">right</field>
                                                        <value name="VALUE">
                                                          <block type="math_number" id="6MaMZpH(b0/-chGq/s9Y">
                                                            <field name="NUM">90</field>
                                                          </block>
                                                        </value>
                                                        <next>
                                                          <block type="draw_color" id="n6FtKDlXtN`Pgl7~cWY`">
                                                            <value name="COLOR">
                                                              <block type="colour_picker" id=".OYxb=myk(DnZFo(udMf">
                                                                <field name="COLOUR">#000000</field>
                                                              </block>
                                                            </value>
                                                            <next>
                                                              <block type="draw_pen" id="BSET@vSk$pEqzsP+d/u[">
                                                                <field name="PEN">pendown</field>
                                                                <next>
                                                                  <block type="begin_fill" id="WL:SfEXfv^e{}@6s(VoP">
                                                                    <next>
                                                                      <block type="draw_circle" id="q,hL9qPkgh(hm!0:q(V3">
                                                                        <value name="VALUE">
                                                                          <block type="math_number" id="bZo^R4AE7?YJW7I09d4U">
                                                                            <field name="NUM">5</field>
                                                                          </block>
                                                                        </value>
                                                                        <next>
                                                                          <block type="end_fill" id=".;@7nf5~2;[+)1!fdfUh">
                                                                            <next>
                                                                              <block type="draw_pen" id="R=|K)fHR3O{}HcB/6oUn">
                                                                                <field name="PEN">pendown</field>
                                                                                <next>
                                                                                  <block type="draw_turn" id="X,4VS=RDby9PdWos$;r~">
                                                                                    <field name="DIR">left</field>
                                                                                    <value name="VALUE">
                                                                                      <block type="math_number" id="2~l(c;h4O;VoYFv|sxIU">
                                                                                        <field name="NUM">90</field>
                                                                                      </block>
                                                                                    </value>
                                                                                    <next>
                                                                                      <block type="draw_pen" id="0#m2@84mc*u!gLzE)S_#">
                                                                                        <field name="PEN">penup</field>
                                                                                        <next>
                                                                                          <block type="draw_move" id="]%_WV*Wa5.]H!Bj;{Ks_">
                                                                                            <field name="DIR">forward</field>
                                                                                            <value name="VALUE">
                                                                                              <block type="math_number" id="`}3puyZeZm+;fIgVfhJU">
                                                                                                <field name="NUM">30</field>
                                                                                              </block>
                                                                                            </value>
                                                                                            <next>
                                                                                              <block type="draw_turn" id="]]UBvJ6XSIMF~g-bSmo%">
                                                                                                <field name="DIR">right</field>
                                                                                                <value name="VALUE">
                                                                                                  <block type="math_number" id="m}FB;g$[RW8YxV}Fp..7">
                                                                                                    <field name="NUM">90</field>
                                                                                                  </block>
                                                                                                </value>
                                                                                                <next>
                                                                                                  <block type="begin_fill" id="|x.|[ioSk*r7-5@MF6[m">
                                                                                                    <next>
                                                                                                      <block type="draw_circle" id="Lj_PnUF=aF*=hWx29IwV">
                                                                                                        <value name="VALUE">
                                                                                                          <block type="math_number" id=")leMs:e!-pHp[i[g.71y">
                                                                                                            <field name="NUM">5</field>
                                                                                                          </block>
                                                                                                        </value>
                                                                                                        <next>
                                                                                                          <block type="end_fill" id="qe?0~|oF}N9la1/fP/n?">
                                                                                                            <next>
                                                                                                              <block type="draw_turn" id="Q~bC*ex_]ce9[_pF_,8D">
                                                                                                                <field name="DIR">left</field>
                                                                                                                <value name="VALUE">
                                                                                                                  <block type="math_number" id="hb2|iMjSd_;DX#0FK+Mq">
                                                                                                                    <field name="NUM">90</field>
                                                                                                                  </block>
                                                                                                                </value>
                                                                                                              </block>
                                                                                                            </next>
                                                                                                          </block>
                                                                                                        </next>
                                                                                                      </block>
                                                                                                    </next>
                                                                                                  </block>
                                                                                                </next>
                                                                                              </block>
                                                                                            </next>
                                                                                          </block>
                                                                                        </next>
                                                                                      </block>
                                                                                    </next>
                                                                                  </block>
                                                                                </next>
                                                                              </block>
                                                                            </next>
                                                                          </block>
                                                                        </next>
                                                                      </block>
                                                                    </next>
                                                                  </block>
                                                                </next>
                                                              </block>
                                                            </next>
                                                          </block>
                                                        </next>
                                                      </block>
                                                    </next>
                                                  </block>
                                                </next>
                                              </block>
                                            </next>
                                          </block>
                                        </next>
                                      </block>
                                    </next>
                                  </block>
                                </next>
                              </block>
                            </next>
                          </block>
                        </next>
                      </block>
                    </next>
                  </block>
                </next>
              </block>
            </next>
          </block>
        </next>
      </block>
    </statement>
  </block>
  <block type="procedures_defnoreturn" id="f1yho?us7A1%Ghy~WWOJ" x="-1250" y="-904">
    <mutation>
      <arg name="x" varid="p/^me|`gch#]~4!gekBP"></arg>
      <arg name="y" varid="LG,7U{pb%KxraK?SBh?g"></arg>
    </mutation>
    <field name="NAME">Barco</field>
    <comment pinned="false" h="80" w="160">Describe this function...</comment>
    <statement name="STACK">
      <block type="draw_color" id="f!KsGAnU[,.8)~aBzisu">
        <value name="COLOR">
          <block type="colour_picker" id="b~?R9!F=]0%*dlolvLK^">
            <field name="COLOUR">#33cc00</field>
          </block>
        </value>
        <next>
          <block type="begin_fill" id="H;@@_3LGK;vXhx}pHWh|">
            <next>
              <block type="draw_turn" id="XG+ITvo8]`d_VR8wbl,4">
                <field name="DIR">right</field>
                <value name="VALUE">
                  <block type="math_number" id="CH{oS@4:49HxF(mk([Kb">
                    <field name="NUM">45</field>
                  </block>
                </value>
                <next>
                  <block type="draw_move" id="0MIr`Tf:yR`EB%34_V}N">
                    <field name="DIR">forward</field>
                    <value name="VALUE">
                      <block type="math_number" id="F(FXNi5?ZF]y.h3gB%4*">
                        <field name="NUM">10</field>
                      </block>
                    </value>
                    <next>
                      <block type="draw_turn" id="Avnr:$w8iUen@X}L[Y9B">
                        <field name="DIR">left</field>
                        <value name="VALUE">
                          <block type="math_number" id="Gq]gqu0o4O%.fR0o}z/h">
                            <field name="NUM">45</field>
                          </block>
                        </value>
                        <next>
                          <block type="draw_move" id="f]```#{{6RqIkSb7gl-[">
                            <field name="DIR">forward</field>
                            <value name="VALUE">
                              <block type="math_number" id="0UnpeHlOw}(qm}AV_;r!">
                                <field name="NUM">20</field>
                              </block>
                            </value>
                            <next>
                              <block type="draw_turn" id="dcx99lLd_vU[79M1[aft">
                                <field name="DIR">left</field>
                                <value name="VALUE">
                                  <block type="math_number" id="RzKiDaJbb?{?v]tF_F|0">
                                    <field name="NUM">45</field>
                                  </block>
                                </value>
                                <next>
                                  <block type="draw_move" id="Zr:y3Ic^E_j{9S.T*/Od">
                                    <field name="DIR">forward</field>
                                    <value name="VALUE">
                                      <block type="math_number" id="TnQn~?9^wyvXV=(=_^so">
                                        <field name="NUM">10</field>
                                      </block>
                                    </value>
                                    <next>
                                      <block type="draw_turn" id="C9T83vDgipXZelcJ(x-i">
                                        <field name="DIR">left</field>
                                        <value name="VALUE">
                                          <block type="math_number" id="svkwkX4h8*E.7hr#Q4@,">
                                            <field name="NUM">135</field>
                                          </block>
                                        </value>
                                        <next>
                                          <block type="draw_move" id="%J8PdGmxQx$bT?Zl6zgp">
                                            <field name="DIR">forward</field>
                                            <value name="VALUE">
                                              <block type="math_number" id="IjW(T(gXs|.e@(T,Zwhk">
                                                <field name="NUM">35</field>
                                              </block>
                                            </value>
                                            <next>
                                              <block type="draw_turn" id="e-v[y=9C=n4BILFr,w^.">
                                                <field name="DIR">right</field>
                                                <value name="VALUE">
                                                  <block type="math_number" id="|D*twwB@nV^Fg2W?1y.Y">
                                                    <field name="NUM">180</field>
                                                  </block>
                                                </value>
                                                <next>
                                                  <block type="draw_move" id="0m)r9^x8N~i`I!%}8K2C">
                                                    <field name="DIR">forward</field>
                                                    <value name="VALUE">
                                                      <block type="math_number" id="3wKx0(E_EC:Ch%Q$@AHM">
                                                        <field name="NUM">17</field>
                                                      </block>
                                                    </value>
                                                    <next>
                                                      <block type="draw_turn" id="J*_TA!~bqr?S1p-t)=:/">
                                                        <field name="DIR">left</field>
                                                        <value name="VALUE">
                                                          <block type="math_number" id="|1(CrGh7)~1PCJ?D#FJj">
                                                            <field name="NUM">90</field>
                                                          </block>
                                                        </value>
                                                        <next>
                                                          <block type="end_fill" id=")_PdKJ_CIt=XR3o+IzVw">
                                                            <next>
                                                              <block type="draw_color" id="F6z^6h.MiRsrS;dB.^r8">
                                                                <value name="COLOR">
                                                                  <block type="colour_picker" id="$6)tV,+bdNZd_r`#36t9">
                                                                    <field name="COLOUR">#000000</field>
                                                                  </block>
                                                                </value>
                                                                <next>
                                                                  <block type="draw_move" id="gqk)Z+wx;%9W9Id%3Fo}">
                                                                    <field name="DIR">forward</field>
                                                                    <value name="VALUE">
                                                                      <block type="math_number" id="+loBVv4#M^jzydcM=GFc">
                                                                        <field name="NUM">15</field>
                                                                      </block>
                                                                    </value>
                                                                    <next>
                                                                      <block type="draw_color" id="[0a$+/0ZV6QyuY-snvBf">
                                                                        <value name="COLOR">
                                                                          <block type="colour_picker" id="Ju6`.mkgI^X#C-LQ!D;t">
                                                                            <field name="COLOUR">#cc0000</field>
                                                                          </block>
                                                                        </value>
                                                                        <next>
                                                                          <block type="begin_fill" id="O[(tik|GW54.BJp4EquP">
                                                                            <next>
                                                                              <block type="controls_repeat" id="/[)-z%%+*Y_V;/nCqmNr">
                                                                                <field name="TIMES">2</field>
                                                                                <statement name="DO">
                                                                                  <block type="draw_turn" id="Pe1#9HAkhrBD(SynC:^6">
                                                                                    <field name="DIR">right</field>
                                                                                    <value name="VALUE">
                                                                                      <block type="math_number" id="MEIY#71zhC|mZI5_UO-.">
                                                                                        <field name="NUM">90</field>
                                                                                      </block>
                                                                                    </value>
                                                                                    <next>
                                                                                      <block type="draw_move" id="}{#FOjs[B-*~g@EN:@$p">
                                                                                        <field name="DIR">forward</field>
                                                                                        <value name="VALUE">
                                                                                          <block type="math_number" id="1$`pH|iGrDD5o*6+E1s`">
                                                                                            <field name="NUM">6</field>
                                                                                          </block>
                                                                                        </value>
                                                                                        <next>
                                                                                          <block type="draw_turn" id="{AGHccau@6;iQ0#[3364">
                                                                                            <field name="DIR">right</field>
                                                                                            <value name="VALUE">
                                                                                              <block type="math_number" id=";u.23!rHB!x4t+EoTlR_">
                                                                                                <field name="NUM">90</field>
                                                                                              </block>
                                                                                            </value>
                                                                                            <next>
                                                                                              <block type="draw_move" id="|!49+YZo2c::28XwV5HN">
                                                                                                <field name="DIR">forward</field>
                                                                                                <value name="VALUE">
                                                                                                  <block type="math_number" id="~V0MRLp6KeHhm;@io?.#">
                                                                                                    <field name="NUM">3</field>
                                                                                                  </block>
                                                                                                </value>
                                                                                              </block>
                                                                                            </next>
                                                                                          </block>
                                                                                        </next>
                                                                                      </block>
                                                                                    </next>
                                                                                  </block>
                                                                                </statement>
                                                                                <next>
                                                                                  <block type="end_fill" id=";UPp6gpxbuS4!;B4.G81">
                                                                                    <next>
                                                                                      <block type="draw_turn" id="2K+`:zr!/[q:2pN-M/5~">
                                                                                        <field name="DIR">right</field>
                                                                                        <value name="VALUE">
                                                                                          <block type="math_number" id="*2}N@I!oR5?]?MV!63=2">
                                                                                            <field name="NUM">90</field>
                                                                                          </block>
                                                                                        </value>
                                                                                      </block>
                                                                                    </next>
                                                                                  </block>
                                                                                </next>
                                                                              </block>
                                                                            </next>
                                                                          </block>
                                                                        </next>
                                                                      </block>
                                                                    </next>
                                                                  </block>
                                                                </next>
                                                              </block>
                                                            </next>
                                                          </block>
                                                        </next>
                                                      </block>
                                                    </next>
                                                  </block>
                                                </next>
                                              </block>
                                            </next>
                                          </block>
                                        </next>
                                      </block>
                                    </next>
                                  </block>
                                </next>
                              </block>
                            </next>
                          </block>
                        </next>
                      </block>
                    </next>
                  </block>
                </next>
              </block>
            </next>
          </block>
        </next>
      </block>
    </statement>
  </block>
  <block type="text_print" id="r+o#r8oMKTr}6X7}.-fj" x="-1133" y="-179">
    <value name="TEXT">
      <block type="text" id="F(aoBs-Mr4v9Oin0TNJ%">
        <field name="TEXT">Bienvenidos a la pizarra interactiva de IWI-131</field>
      </block>
    </value>
    <next>
      <block type="variables_set" id="Hh/i4h6#f!TwX*vbZKBH">
        <field name="VAR" id="}[,`95lULnOPmE9n||cB" variabletype="">Cantidad</field>
        <value name="VALUE">
          <block type="text_prompt" id="hr9jU}cnTH7vFFQ~},v+">
            <mutation type="TEXT"></mutation>
            <field name="TYPE">TEXT</field>
            <field name="TEXT">Indique la cantidad de figuras a dibujar: </field>
          </block>
        </value>
        <next>
          <block type="controls_repeat_ext" id="1TAv8@HZq4[*ka}{y(@;">
            <value name="TIMES">
              <block type="variables_get" id="!YXA#FozgT@O^_ski|;Z">
                <field name="VAR" id="}[,`95lULnOPmE9n||cB" variabletype="">Cantidad</field>
              </block>
            </value>
            <statement name="DO">
              <block type="text_print" id="NojOxGXNM=xPXQkDIV~h">
                <value name="TEXT">
                  <block type="text" id="%vi+j]d4~AM/GbN~O/jX">
                    <field name="TEXT">Figuras a cargar</field>
                  </block>
                </value>
                <next>
                  <block type="text_print" id="O44F;u5gIraHe1eVIC$v">
                    <value name="TEXT">
                      <block type="text" id="7$YwD`nRdF]IxjCa3Fv}">
                        <field name="TEXT">1.- Flor</field>
                      </block>
                    </value>
                    <next>
                      <block type="text_print" id="Fu$e%~J#:Gq@O],,-cNk">
                        <value name="TEXT">
                          <block type="text" id="EaKc(_7b}6+e|YxvfnXH">
                            <field name="TEXT">2.- Auto</field>
                          </block>
                        </value>
                        <next>
                          <block type="text_print" id="{Ds~7g{ZtZuZ[#F(`s_P">
                            <value name="TEXT">
                              <block type="text" id="7cvEwi{;#11P$N[mF]_Y">
                                <field name="TEXT">3.- Casa</field>
                              </block>
                            </value>
                            <next>
                              <block type="text_print" id=";nG.yXo($1]/T`tBGN-O">
                                <value name="TEXT">
                                  <block type="text" id="3QXH)]}Ha}l%lH{m6,Ia">
                                    <field name="TEXT">4.- Barco</field>
                                  </block>
                                </value>
                                <next>
                                  <block type="variables_set" id="|Z?nPoqT8fLN8y+0`4X2">
                                    <field name="VAR" id="GAWVp^Bj:o(]{2~`A,Dj" variabletype="">Numero</field>
                                    <value name="VALUE">
                                      <block type="text_prompt" id="B4)x-YY?971z[Y(uBR8.">
                                        <mutation type="NUMBER"></mutation>
                                        <field name="TYPE">NUMBER</field>
                                        <field name="TEXT">Indique el numero de la figura</field>
                                      </block>
                                    </value>
                                    <next>
                                      <block type="variables_set" id="7Lt6DAsL,jFuS([tJvgH">
                                        <field name="VAR" id="[=XfH^3u[i5XJr5V2M,1" variabletype="">Cord_x</field>
                                        <value name="VALUE">
                                          <block type="text_prompt" id="+,4:g4o4B^U(`%,VI[R-">
                                            <mutation type="NUMBER"></mutation>
                                            <field name="TYPE">NUMBER</field>
                                            <field name="TEXT">Indique la cordenada X: </field>
                                          </block>
                                        </value>
                                        <next>
                                          <block type="variables_set" id=";(oVwDiQ`oO:z1[gcCJP">
                                            <field name="VAR" id="KSh[uA{-Nd,67zP8-uDH" variabletype="">Cord_y</field>
                                            <value name="VALUE">
                                              <block type="text_prompt" id="$pQdhTe2zWb#~M)vvHGQ">
                                                <mutation type="NUMBER"></mutation>
                                                <field name="TYPE">NUMBER</field>
                                                <field name="TEXT">Indique la coordenada Y:</field>
                                              </block>
                                            </value>
                                            <next>
                                              <block type="draw_pen" id="7)k_H[/e9]cnu$0Q4e9i">
                                                <field name="PEN">penup</field>
                                                <next>
                                                  <block type="goto" id="BKlCp3Shlw5lxFQ]?GU@">
                                                    <value name="X">
                                                      <block type="variables_get" id="vPBDoJZX}8l]t2agPFSR">
                                                        <field name="VAR" id="[=XfH^3u[i5XJr5V2M,1" variabletype="">Cord_x</field>
                                                      </block>
                                                    </value>
                                                    <value name="Y">
                                                      <block type="variables_get" id="s[`mIF@{w%QIFr6ocyP^">
                                                        <field name="VAR" id="KSh[uA{-Nd,67zP8-uDH" variabletype="">Cord_y</field>
                                                      </block>
                                                    </value>
                                                    <next>
                                                      <block type="draw_pen" id="^?b.9BPTq`EnQ8M[:w=Q">
                                                        <field name="PEN">pendown</field>
                                                        <next>
                                                          <block type="controls_if" id="Z%PMygrRGg74EK9|lsUn">
                                                            <mutation elseif="3"></mutation>
                                                            <value name="IF0">
                                                              <block type="logic_compare" id="Jp|D.(2K+Iaegb+*,h@U">
                                                                <field name="OP">EQ</field>
                                                                <value name="A">
                                                                  <block type="variables_get" id="t`aHXMG;#4A7%YJ@DcTF">
                                                                    <field name="VAR" id="GAWVp^Bj:o(]{2~`A,Dj" variabletype="">Numero</field>
                                                                  </block>
                                                                </value>
                                                                <value name="B">
                                                                  <block type="math_number" id="k?v)R.=-y!!hv:mfHLwQ">
                                                                    <field name="NUM">1</field>
                                                                  </block>
                                                                </value>
                                                              </block>
                                                            </value>
                                                            <statement name="DO0">
                                                              <block type="procedures_callnoreturn" id=".lEV*+r5FNKC]P_lcKG-">
                                                                <mutation name="Flor">
                                                                  <arg name="x"></arg>
                                                                  <arg name="y"></arg>
                                                                </mutation>
                                                                <value name="ARG0">
                                                                  <block type="variables_get" id="+(`VB-v~k=KyOb9(BH^4">
                                                                    <field name="VAR" id="[=XfH^3u[i5XJr5V2M,1" variabletype="">Cord_x</field>
                                                                  </block>
                                                                </value>
                                                                <value name="ARG1">
                                                                  <block type="variables_get" id="PpUV6S7m(?XkPGpfmK${">
                                                                    <field name="VAR" id="KSh[uA{-Nd,67zP8-uDH" variabletype="">Cord_y</field>
                                                                  </block>
                                                                </value>
                                                              </block>
                                                            </statement>
                                                            <value name="IF1">
                                                              <block type="logic_compare" id="/fNPrEdrv$X*%;H$dN7T">
                                                                <field name="OP">EQ</field>
                                                                <value name="A">
                                                                  <block type="variables_get" id="z9iDc.,`zQQ.2Uv%]/TQ">
                                                                    <field name="VAR" id="GAWVp^Bj:o(]{2~`A,Dj" variabletype="">Numero</field>
                                                                  </block>
                                                                </value>
                                                                <value name="B">
                                                                  <block type="math_number" id="@rME`cr7Ew`:qIv6$ruk">
                                                                    <field name="NUM">2</field>
                                                                  </block>
                                                                </value>
                                                              </block>
                                                            </value>
                                                            <statement name="DO1">
                                                              <block type="procedures_callnoreturn" id="r9G`Yme[sGP`GsA2HRD4">
                                                                <mutation name="Auto">
                                                                  <arg name="x"></arg>
                                                                  <arg name="y"></arg>
                                                                </mutation>
                                                                <value name="ARG0">
                                                                  <block type="variables_get" id="n35f[f=u3ZLwiD+M}K_X">
                                                                    <field name="VAR" id="[=XfH^3u[i5XJr5V2M,1" variabletype="">Cord_x</field>
                                                                  </block>
                                                                </value>
                                                                <value name="ARG1">
                                                                  <block type="variables_get" id=":n:bXp;hTG~~R2;.s%^`">
                                                                    <field name="VAR" id="KSh[uA{-Nd,67zP8-uDH" variabletype="">Cord_y</field>
                                                                  </block>
                                                                </value>
                                                              </block>
                                                            </statement>
                                                            <value name="IF2">
                                                              <block type="logic_compare" id="qBYPOaa9=,-53bFh5i8N">
                                                                <field name="OP">EQ</field>
                                                                <value name="A">
                                                                  <block type="variables_get" id="V}Q3d.$)^uQZz+s#fq%=">
                                                                    <field name="VAR" id="GAWVp^Bj:o(]{2~`A,Dj" variabletype="">Numero</field>
                                                                  </block>
                                                                </value>
                                                                <value name="B">
                                                                  <block type="math_number" id="3dV/(VY1t5G7)0/Hlw-D">
                                                                    <field name="NUM">3</field>
                                                                  </block>
                                                                </value>
                                                              </block>
                                                            </value>
                                                            <statement name="DO2">
                                                              <block type="procedures_callnoreturn" id="8|RI~s0KKtlMueNd#r83">
                                                                <mutation name="Casa">
                                                                  <arg name="x"></arg>
                                                                  <arg name="y"></arg>
                                                                </mutation>
                                                                <value name="ARG0">
                                                                  <block type="variables_get" id="Sb/xG7{UbhmcYR;I6%nW">
                                                                    <field name="VAR" id="[=XfH^3u[i5XJr5V2M,1" variabletype="">Cord_x</field>
                                                                  </block>
                                                                </value>
                                                                <value name="ARG1">
                                                                  <block type="variables_get" id="VTBi~UQ=eGuw1@0b)_s!">
                                                                    <field name="VAR" id="KSh[uA{-Nd,67zP8-uDH" variabletype="">Cord_y</field>
                                                                  </block>
                                                                </value>
                                                              </block>
                                                            </statement>
                                                            <value name="IF3">
                                                              <block type="logic_compare" id="wAyTst=CVM*ptzG+Ln?v">
                                                                <field name="OP">EQ</field>
                                                                <value name="A">
                                                                  <block type="variables_get" id="?~ov+c7_KR;x@|iKtJ3U">
                                                                    <field name="VAR" id="GAWVp^Bj:o(]{2~`A,Dj" variabletype="">Numero</field>
                                                                  </block>
                                                                </value>
                                                                <value name="B">
                                                                  <block type="math_number" id=";32`oVHSzLS0ue0guOK1">
                                                                    <field name="NUM">4</field>
                                                                  </block>
                                                                </value>
                                                              </block>
                                                            </value>
                                                            <statement name="DO3">
                                                              <block type="procedures_callnoreturn" id="o6^x)}x,}OpXg]tC7+/8">
                                                                <mutation name="Barco">
                                                                  <arg name="x"></arg>
                                                                  <arg name="y"></arg>
                                                                </mutation>
                                                                <value name="ARG0">
                                                                  <block type="variables_get" id="oZ,BXmtV+b4S1H,|-f9w">
                                                                    <field name="VAR" id="[=XfH^3u[i5XJr5V2M,1" variabletype="">Cord_x</field>
                                                                  </block>
                                                                </value>
                                                                <value name="ARG1">
                                                                  <block type="variables_get" id="}:cwaraY*@4yihM`d{RP">
                                                                    <field name="VAR" id="KSh[uA{-Nd,67zP8-uDH" variabletype="">Cord_y</field>
                                                                  </block>
                                                                </value>
                                                              </block>
                                                            </statement>
                                                          </block>
                                                        </next>
                                                      </block>
                                                    </next>
                                                  </block>
                                                </next>
                                              </block>
                                            </next>
                                          </block>
                                        </next>
                                      </block>
                                    </next>
                                  </block>
                                </next>
                              </block>
                            </next>
                          </block>
                        </next>
                      </block>
                    </next>
                  </block>
                </next>
              </block>
            </statement>
            <next>
              <block type="text_print" id="(QhTzK10Z0^4i=h!006w">
                <value name="TEXT">
                  <block type="text" id="CqW`2-Pe~V{IeG^jP4U5">
                    <field name="TEXT">Hasta Pronto!!</field>
                  </block>
                </value>
              </block>
            </next>
          </block>
        </next>
      </block>
    </next>
  </block>
</xml>