<xml xmlns="http://www.w3.org/1999/xhtml">
  <variables>
    <variable type="" id="_X#9#?S^IK*)9c|{GMn0">T</variable>
    <variable type="" id="h=(j}(.0mHZ2DD+$fVCj">B</variable>
    <variable type="" id="Ya*Zq!j:3~/twUu25;1(">Tamaño Bloque</variable>
    <variable type="" id="RZl6QD.aE[;#A@?+jd}*">BloqueColumna</variable>
    <variable type="" id="iw{PGgVLlh07%q0FiCCF">CantidadColumnas</variable>
    <variable type="" id="sRcwiKc)e5G_O]7lgU%=">Contador columnas</variable>
    <variable type="" id="oPwSj[0A5I6Cmmi.5i1.">Bandera</variable>
  </variables>
  <block type="procedures_defnoreturn" id="p@4j3)VR[W257GhE[)Wb" x="-1313" y="-1280">
    <mutation>
      <arg name="T" varid="_X#9#?S^IK*)9c|{GMn0"></arg>
      <arg name="B" varid="h=(j}(.0mHZ2DD+$fVCj"></arg>
    </mutation>
    <field name="NAME">Construye Columna</field>
    <comment pinned="false" h="80" w="160">Describe this function...</comment>
    <statement name="STACK">
      <block type="controls_repeat" id="$V)`nKmT~:;0YIT=S_(N">
        <field name="TIMES">4</field>
        <statement name="DO">
          <block type="draw_move" id="[Tm6c6^F;~yGf2W0Z/pm">
            <field name="DIR">forward</field>
            <value name="VALUE">
              <block type="variables_get" id="~17,V3#0y-j{jG1bN2P_">
                <field name="VAR" id="Ya*Zq!j:3~/twUu25;1(" variabletype="">Tamaño Bloque</field>
              </block>
            </value>
            <next>
              <block type="draw_turn" id="Y)5dxMvO/4quxm-*tum!">
                <field name="DIR">left</field>
                <value name="VALUE">
                  <block type="math_number" id=",t@p79s4Bf,9A!_HYmK;">
                    <field name="NUM">90</field>
                  </block>
                </value>
              </block>
            </next>
          </block>
        </statement>
        <next>
          <block type="draw_turn" id="+[,:fH^~@FDRYih#Z|4R">
            <field name="DIR">right</field>
            <value name="VALUE">
              <block type="math_number" id="5Tg)j*xU|y=HC?*kNe]a">
                <field name="NUM">270</field>
              </block>
            </value>
            <next>
              <block type="draw_move" id="ZAQ61LnO89zMS?N!|hO[">
                <field name="DIR">forward</field>
                <value name="VALUE">
                  <block type="variables_get" id="n|oR}]Po}ePByJ^xJ6Ax">
                    <field name="VAR" id="Ya*Zq!j:3~/twUu25;1(" variabletype="">Tamaño Bloque</field>
                  </block>
                </value>
                <next>
                  <block type="controls_repeat_ext" id="iyqCY)n|1OBlC?Z0e6^2">
                    <value name="TIMES">
                      <block type="math_arithmetic" id="{HYIE*IJQ6cKoXzB8S6m">
                        <field name="OP">MINUS</field>
                        <value name="A">
                          <block type="variables_get" id="yBeUs52`gkbGPW8[Kyq~">
                            <field name="VAR" id="RZl6QD.aE[;#A@?+jd}*" variabletype="">BloqueColumna</field>
                          </block>
                        </value>
                        <value name="B">
                          <block type="math_number" id="E85;lg4dnk.ufQskUwJY">
                            <field name="NUM">1</field>
                          </block>
                        </value>
                      </block>
                    </value>
                    <statement name="DO">
                      <block type="controls_repeat" id="*EP,x@Bj={RqQtZTM{BP">
                        <field name="TIMES">4</field>
                        <statement name="DO">
                          <block type="draw_move" id="1G$r}X(5.CG3jCeDwT99">
                            <field name="DIR">forward</field>
                            <value name="VALUE">
                              <block type="variables_get" id=")=@*+`ruxP5F~4WW*?%l">
                                <field name="VAR" id="Ya*Zq!j:3~/twUu25;1(" variabletype="">Tamaño Bloque</field>
                              </block>
                            </value>
                            <next>
                              <block type="draw_turn" id="t`PO,*Nqrzu8W3hn8Ewn">
                                <field name="DIR">right</field>
                                <value name="VALUE">
                                  <block type="math_number" id="mHauML!AxE0UgL[26#2/">
                                    <field name="NUM">90</field>
                                  </block>
                                </value>
                              </block>
                            </next>
                          </block>
                        </statement>
                        <next>
                          <block type="draw_move" id="0Mk4]q{qOqO3^|U%d#Nb">
                            <field name="DIR">forward</field>
                            <value name="VALUE">
                              <block type="variables_get" id="=%yoOh4scL#E?,9Vm!D!">
                                <field name="VAR" id="Ya*Zq!j:3~/twUu25;1(" variabletype="">Tamaño Bloque</field>
                              </block>
                            </value>
                          </block>
                        </next>
                      </block>
                    </statement>
                    <next>
                      <block type="draw_turn" id="X6w,p:a2:+H$i2Jy)ot[">
                        <field name="DIR">right</field>
                        <value name="VALUE">
                          <block type="math_number" id="1|Ef;KG#RZIWSd)5!HBm">
                            <field name="NUM">90</field>
                          </block>
                        </value>
                      </block>
                    </next>
                  </block>
                </next>
              </block>
            </next>
          </block>
        </next>
      </block>
    </statement>
  </block>
  <block type="procedures_defnoreturn" id="/06rssfbbFVLKST%hB.O" x="-902" y="-1269">
    <field name="NAME">No Bandera</field>
    <comment pinned="false" h="80" w="160">Describe this function...</comment>
    <statement name="STACK">
      <block type="draw_move" id="MG{#2ME=!yUXysbZ|I?W">
        <field name="DIR">forward</field>
        <value name="VALUE">
          <block type="variables_get" id="f5+Fr!UVF/005qb92urz">
            <field name="VAR" id="Ya*Zq!j:3~/twUu25;1(" variabletype="">Tamaño Bloque</field>
          </block>
        </value>
        <next>
          <block type="draw_turn" id="fvCT+c##n|si_wOODRyJ">
            <field name="DIR">right</field>
            <value name="VALUE">
              <block type="math_number" id="Y^+reYetb1IzqUep9Nkb">
                <field name="NUM">90</field>
              </block>
            </value>
            <next>
              <block type="draw_move" id="H0R9[F9X[fFt[N|An4WX">
                <field name="DIR">forward</field>
                <value name="VALUE">
                  <block type="math_arithmetic" id="+NeE`ZEdVD9Wjh1l?HWB">
                    <field name="OP">MULTIPLY</field>
                    <value name="A">
                      <block type="variables_get" id="s~7FJ(#J/snW!pS;7fs]">
                        <field name="VAR" id="RZl6QD.aE[;#A@?+jd}*" variabletype="">BloqueColumna</field>
                      </block>
                    </value>
                    <value name="B">
                      <block type="variables_get" id="|!b:~}|b^5~yNjdL1Hdy">
                        <field name="VAR" id="Ya*Zq!j:3~/twUu25;1(" variabletype="">Tamaño Bloque</field>
                      </block>
                    </value>
                  </block>
                </value>
                <next>
                  <block type="draw_turn" id="I(4R=It-!:KH+%,n#7vX">
                    <field name="DIR">left</field>
                    <value name="VALUE">
                      <block type="math_number" id="H:ETskZ!l?q`;HskBHbm">
                        <field name="NUM">90</field>
                      </block>
                    </value>
                  </block>
                </next>
              </block>
            </next>
          </block>
        </next>
      </block>
    </statement>
  </block>
  <block type="procedures_defnoreturn" id="UZmQmqeOogBYorAd}!GQ" x="-443" y="-1269">
    <field name="NAME">Banderín</field>
    <comment pinned="false" h="80" w="160">Describe this function...</comment>
    <statement name="STACK">
      <block type="draw_move" id="~~JkyW%QXhi`u-jB2C*_">
        <field name="DIR">forward</field>
        <value name="VALUE">
          <block type="math_arithmetic" id=";@rMb2Y2)ER5;=^PwB:?">
            <field name="OP">DIVIDE</field>
            <value name="A">
              <block type="variables_get" id="KO%/0FB)Rob3VCoE}TOP">
                <field name="VAR" id="Ya*Zq!j:3~/twUu25;1(" variabletype="">Tamaño Bloque</field>
              </block>
            </value>
            <value name="B">
              <block type="math_number" id="z-ukn=kwL[DAOs6ah]*~">
                <field name="NUM">2</field>
              </block>
            </value>
          </block>
        </value>
        <next>
          <block type="draw_turn" id="$nKdlAo7!Z+cSiFWfXoH">
            <field name="DIR">left</field>
            <value name="VALUE">
              <block type="math_number" id="X@G3c1(Raz.P)Q`6NXf5">
                <field name="NUM">90</field>
              </block>
            </value>
            <next>
              <block type="draw_move" id="%AFiaS=EGcN@,24HbyWw">
                <field name="DIR">forward</field>
                <value name="VALUE">
                  <block type="math_arithmetic" id="D2bps7Ve#z:iwIU!{J=I">
                    <field name="OP">DIVIDE</field>
                    <value name="A">
                      <block type="variables_get" id="e^k%lr6cdQL7dJ@0,E,$">
                        <field name="VAR" id="Ya*Zq!j:3~/twUu25;1(" variabletype="">Tamaño Bloque</field>
                      </block>
                    </value>
                    <value name="B">
                      <block type="math_number" id="{#5-SdGEfMj5+lAat/$T">
                        <field name="NUM">2</field>
                      </block>
                    </value>
                  </block>
                </value>
                <next>
                  <block type="draw_turn" id="*,Dx%+zwCPppl)Q$]!6n">
                    <field name="DIR">right</field>
                    <value name="VALUE">
                      <block type="math_number" id="e%a,cc66ekm{QCz.;ZnH">
                        <field name="NUM">90</field>
                      </block>
                    </value>
                    <next>
                      <block type="draw_move" id="C6}k:g8znt;;JuAN+8Ic">
                        <field name="DIR">forward</field>
                        <value name="VALUE">
                          <block type="math_arithmetic" id="3gD)~G:b-|uo9`9x9gkK">
                            <field name="OP">DIVIDE</field>
                            <value name="A">
                              <block type="variables_get" id=",yOfAIO|^`4.SCrmEf(E">
                                <field name="VAR" id="Ya*Zq!j:3~/twUu25;1(" variabletype="">Tamaño Bloque</field>
                              </block>
                            </value>
                            <value name="B">
                              <block type="math_number" id="B;dgW8=%cJ+=jMZvx5Ko">
                                <field name="NUM">3</field>
                              </block>
                            </value>
                          </block>
                        </value>
                        <next>
                          <block type="draw_turn" id="ri2-+zuy@i1|[Io]vB7v">
                            <field name="DIR">left</field>
                            <value name="VALUE">
                              <block type="math_number" id="1RHg4PxcG5JQY-%X45Ah">
                                <field name="NUM">90</field>
                              </block>
                            </value>
                            <next>
                              <block type="draw_move" id="U%al:`eW.NW8nf,V}+s}">
                                <field name="DIR">forward</field>
                                <value name="VALUE">
                                  <block type="math_arithmetic" id="B31A,=E7]bQf@.sHkKpI">
                                    <field name="OP">DIVIDE</field>
                                    <value name="A">
                                      <block type="variables_get" id="XT#)H5TkHC-9x+wFXM1I">
                                        <field name="VAR" id="Ya*Zq!j:3~/twUu25;1(" variabletype="">Tamaño Bloque</field>
                                      </block>
                                    </value>
                                    <value name="B">
                                      <block type="math_number" id="=Rn]ul[%.6Jg(uZ*qRps">
                                        <field name="NUM">5</field>
                                      </block>
                                    </value>
                                  </block>
                                </value>
                                <next>
                                  <block type="draw_turn" id="|diz2iejaYxK!4^tR!e]">
                                    <field name="DIR">left</field>
                                    <value name="VALUE">
                                      <block type="math_number" id="m#]^EZ4ep7h1f|6)jy~N">
                                        <field name="NUM">90</field>
                                      </block>
                                    </value>
                                    <next>
                                      <block type="draw_move" id="y1_Iv-p^x#YSTw6my.ln">
                                        <field name="DIR">forward</field>
                                        <value name="VALUE">
                                          <block type="math_arithmetic" id=",Wq+@KJPaI^{;)%3v:]u">
                                            <field name="OP">DIVIDE</field>
                                            <value name="A">
                                              <block type="variables_get" id="mXNEr,-/x5b1q:n}UH0O">
                                                <field name="VAR" id="Ya*Zq!j:3~/twUu25;1(" variabletype="">Tamaño Bloque</field>
                                              </block>
                                            </value>
                                            <value name="B">
                                              <block type="math_number" id="(s]deKOzN}Zel}Bk|=0b">
                                                <field name="NUM">3</field>
                                              </block>
                                            </value>
                                          </block>
                                        </value>
                                        <next>
                                          <block type="draw_turn" id="z{q,mve`ET]#UvU2Y0.;">
                                            <field name="DIR">left</field>
                                            <value name="VALUE">
                                              <block type="math_number" id="3eS{]g6dZ9(bDV7BM`K4">
                                                <field name="NUM">90</field>
                                              </block>
                                            </value>
                                            <next>
                                              <block type="draw_move" id="||RQ.ks;txKa^RbSD-P#">
                                                <field name="DIR">forward</field>
                                                <value name="VALUE">
                                                  <block type="math_arithmetic" id="3?-#I:U{xX`G!E!PzY~Y">
                                                    <field name="OP">DIVIDE</field>
                                                    <value name="A">
                                                      <block type="variables_get" id="U-hL;;CK|k?@i]JC~t6h">
                                                        <field name="VAR" id="Ya*Zq!j:3~/twUu25;1(" variabletype="">Tamaño Bloque</field>
                                                      </block>
                                                    </value>
                                                    <value name="B">
                                                      <block type="math_number" id="(DMl/4;5v,C-V%eny#qW">
                                                        <field name="NUM">5</field>
                                                      </block>
                                                    </value>
                                                  </block>
                                                </value>
                                                <next>
                                                  <block type="draw_move" id="L7P,9hxVu5YeFvE%;s=w">
                                                    <field name="DIR">forward</field>
                                                    <value name="VALUE">
                                                      <block type="math_arithmetic" id="yB/t?-hRyf#y]]QqUoE%">
                                                        <field name="OP">DIVIDE</field>
                                                        <value name="A">
                                                          <block type="variables_get" id="#vYd,KajdN~30(r[-DPh">
                                                            <field name="VAR" id="Ya*Zq!j:3~/twUu25;1(" variabletype="">Tamaño Bloque</field>
                                                          </block>
                                                        </value>
                                                        <value name="B">
                                                          <block type="math_number" id="$%deT$Zw-s41-g;CB.Vr">
                                                            <field name="NUM">2</field>
                                                          </block>
                                                        </value>
                                                      </block>
                                                    </value>
                                                    <next>
                                                      <block type="draw_turn" id="Qb(^/$L,71fL51d8$X8b">
                                                        <field name="DIR">left</field>
                                                        <value name="VALUE">
                                                          <block type="math_number" id="bOpJh[=iU(9U[Ab-NX7q">
                                                            <field name="NUM">90</field>
                                                          </block>
                                                        </value>
                                                        <next>
                                                          <block type="draw_move" id="-6BawwuA6@UyV6XxS`[B">
                                                            <field name="DIR">forward</field>
                                                            <value name="VALUE">
                                                              <block type="math_arithmetic" id="+x2IHlpeh5=rzz/a)*cm">
                                                                <field name="OP">DIVIDE</field>
                                                                <value name="A">
                                                                  <block type="variables_get" id="sj!q8PCdm/66$v;%FO(F">
                                                                    <field name="VAR" id="Ya*Zq!j:3~/twUu25;1(" variabletype="">Tamaño Bloque</field>
                                                                  </block>
                                                                </value>
                                                                <value name="B">
                                                                  <block type="math_number" id="~|flV4c:cv;1N+!/r?*m">
                                                                    <field name="NUM">2</field>
                                                                  </block>
                                                                </value>
                                                              </block>
                                                            </value>
                                                            <next>
                                                              <block type="draw_turn" id=";oD;=;T;^6%Zq2e-2D?9">
                                                                <field name="DIR">right</field>
                                                                <value name="VALUE">
                                                                  <block type="math_number" id="`n,h4XO?pTRx*mNf(nu/">
                                                                    <field name="NUM">90</field>
                                                                  </block>
                                                                </value>
                                                                <next>
                                                                  <block type="draw_move" id="*rl2=;jZw#h?ydK~+cn^">
                                                                    <field name="DIR">forward</field>
                                                                    <value name="VALUE">
                                                                      <block type="math_arithmetic" id="g~~=()G}Jd]|6[O3?q6k">
                                                                        <field name="OP">MULTIPLY</field>
                                                                        <value name="A">
                                                                          <block type="variables_get" id="[zJ5hKiW/.{zBedX8{w,">
                                                                            <field name="VAR" id="RZl6QD.aE[;#A@?+jd}*" variabletype="">BloqueColumna</field>
                                                                          </block>
                                                                        </value>
                                                                        <value name="B">
                                                                          <block type="variables_get" id="@]7XGX+!Eln$~lxwAQhv">
                                                                            <field name="VAR" id="Ya*Zq!j:3~/twUu25;1(" variabletype="">Tamaño Bloque</field>
                                                                          </block>
                                                                        </value>
                                                                      </block>
                                                                    </value>
                                                                    <next>
                                                                      <block type="draw_turn" id="0VAp(ke7!v!]1~4M!q:#">
                                                                        <field name="DIR">left</field>
                                                                        <value name="VALUE">
                                                                          <block type="math_number" id="nTbJ^:OU/B6tPQeUw(K:">
                                                                            <field name="NUM">90</field>
                                                                          </block>
                                                                        </value>
                                                                      </block>
                                                                    </next>
                                                                  </block>
                                                                </next>
                                                              </block>
                                                            </next>
                                                          </block>
                                                        </next>
                                                      </block>
                                                    </next>
                                                  </block>
                                                </next>
                                              </block>
                                            </next>
                                          </block>
                                        </next>
                                      </block>
                                    </next>
                                  </block>
                                </next>
                              </block>
                            </next>
                          </block>
                        </next>
                      </block>
                    </next>
                  </block>
                </next>
              </block>
            </next>
          </block>
        </next>
      </block>
    </statement>
  </block>
  <block type="procedures_defnoreturn" id="IXFz(v%cdYPf2UBSHLfx" x="-904" y="-1089">
    <field name="NAME">Columna Nula</field>
    <comment pinned="false" h="80" w="160">Describe this function...</comment>
    <statement name="STACK">
      <block type="draw_pen" id="/n$mR;Pw4OO2pAJKeXJM">
        <field name="PEN">penup</field>
        <next>
          <block type="draw_move" id="#zp`3E{?nnqc,-Ppo*0d">
            <field name="DIR">forward</field>
            <value name="VALUE">
              <block type="variables_get" id="[*o44pTs/F+iO/RMSNMw">
                <field name="VAR" id="Ya*Zq!j:3~/twUu25;1(" variabletype="">Tamaño Bloque</field>
              </block>
            </value>
            <next>
              <block type="draw_pen" id="0CGYpMz#1^QT_*qGE#h^">
                <field name="PEN">pendown</field>
              </block>
            </next>
          </block>
        </next>
      </block>
    </statement>
  </block>
  <block type="draw_pen" id="=9EzH@9JB-*9kc$GyoRC" x="-1361" y="-523">
    <field name="PEN">penup</field>
    <next>
      <block type="goto" id="%KK^X+Y,$/XE^Rp}_CIE">
        <value name="X">
          <block type="math_number" id="2f`nXivJhRxmTzYp~[J|">
            <field name="NUM">-150</field>
          </block>
        </value>
        <value name="Y">
          <block type="math_number" id="^|@l.@cd=(QR+aylzS8c">
            <field name="NUM">-150</field>
          </block>
        </value>
        <next>
          <block type="draw_pen" id=")K)g85klN[^;b`!x.qoG">
            <field name="PEN">pendown</field>
            <next>
              <block type="text_print" id="DC,!Gxn%@sE,O5eW6i9)">
                <value name="TEXT">
                  <block type="text" id="O`gA/v(X64H!40$97{%O">
                    <field name="TEXT">Bienvenido al bloque de construcción</field>
                  </block>
                </value>
                <next>
                  <block type="variables_set" id="lE1rlM?$,03G=[D+095C">
                    <field name="VAR" id="Ya*Zq!j:3~/twUu25;1(" variabletype="">Tamaño Bloque</field>
                    <value name="VALUE">
                      <block type="text_prompt" id="CwA|y{lBPg^V5O1We{l.">
                        <mutation type="NUMBER"></mutation>
                        <field name="TYPE">NUMBER</field>
                        <field name="TEXT">Ingrese tamaño del bloque</field>
                      </block>
                    </value>
                    <next>
                      <block type="variables_set" id="mdz}$M+h4@.c!v%QSa5;">
                        <field name="VAR" id="iw{PGgVLlh07%q0FiCCF" variabletype="">CantidadColumnas</field>
                        <value name="VALUE">
                          <block type="text_prompt" id="`DER(_rE*!?J[8ljsqY~">
                            <mutation type="NUMBER"></mutation>
                            <field name="TYPE">NUMBER</field>
                            <field name="TEXT">Ingrese cantidad de columnas</field>
                          </block>
                        </value>
                        <next>
                          <block type="variables_set" id="Y07@|m0f$$rC;/x?=wVQ">
                            <field name="VAR" id="sRcwiKc)e5G_O]7lgU%=" variabletype="">Contador columnas</field>
                            <value name="VALUE">
                              <block type="math_number" id="w3R#KHsszsW{0h|.Pnc1">
                                <field name="NUM">1</field>
                              </block>
                            </value>
                            <next>
                              <block type="controls_repeat_ext" id="t(-[gzfDO}]{3!eh],j}">
                                <value name="TIMES">
                                  <block type="variables_get" id="qJSiM!d12}%~Mj4xUC`1">
                                    <field name="VAR" id="iw{PGgVLlh07%q0FiCCF" variabletype="">CantidadColumnas</field>
                                  </block>
                                </value>
                                <statement name="DO">
                                  <block type="variables_set" id="t%TBSD%xWg*8judsc.2]">
                                    <field name="VAR" id="RZl6QD.aE[;#A@?+jd}*" variabletype="">BloqueColumna</field>
                                    <value name="VALUE">
                                      <block type="text_prompt_ext" id="abh9{-V]?H%xevk=U.fx">
                                        <mutation type="NUMBER"></mutation>
                                        <field name="TYPE">NUMBER</field>
                                        <value name="TEXT">
                                          <block type="text_join" id="4a:FTAB6=dj}Y?@*AC12">
                                            <mutation items="3"></mutation>
                                            <value name="ADD0">
                                              <block type="text" id="x/Yi]ajOo{B^(8i/+5XH">
                                                <field name="TEXT">Ingrese cantidad de bloques de la columna </field>
                                              </block>
                                            </value>
                                            <value name="ADD1">
                                              <block type="text_string" id="0T46EG;G`V#BCw:CV+ZM">
                                                <value name="VALUE">
                                                  <block type="variables_get" id="Rg8_zV{|ue@B%A^96?JK">
                                                    <field name="VAR" id="sRcwiKc)e5G_O]7lgU%=" variabletype="">Contador columnas</field>
                                                  </block>
                                                </value>
                                              </block>
                                            </value>
                                            <value name="ADD2">
                                              <block type="text" id="+i%z:[{K13n4hBn5(F-_">
                                                <field name="TEXT">:</field>
                                              </block>
                                            </value>
                                          </block>
                                        </value>
                                      </block>
                                    </value>
                                    <next>
                                      <block type="controls_if" id="q${Pfo90dkNqep8C6}iS">
                                        <mutation else="1"></mutation>
                                        <value name="IF0">
                                          <block type="logic_compare" id="pRW-*FmoUNCBYs]X6Kp,">
                                            <field name="OP">EQ</field>
                                            <value name="A">
                                              <block type="variables_get" id="(V3_)K9=Qv=fi[.6(4N;">
                                                <field name="VAR" id="RZl6QD.aE[;#A@?+jd}*" variabletype="">BloqueColumna</field>
                                              </block>
                                            </value>
                                            <value name="B">
                                              <block type="math_number" id="5NVu486PT8pzN}TNf}7n">
                                                <field name="NUM">0</field>
                                              </block>
                                            </value>
                                          </block>
                                        </value>
                                        <statement name="DO0">
                                          <block type="procedures_callnoreturn" id="=9Rk0s-+)$?|211dNFBA">
                                            <mutation name="Columna Nula"></mutation>
                                          </block>
                                        </statement>
                                        <statement name="ELSE">
                                          <block type="procedures_callnoreturn" id="p/JjHjwsf%bIVam,t3^E">
                                            <mutation name="Construye Columna">
                                              <arg name="T"></arg>
                                              <arg name="B"></arg>
                                            </mutation>
                                            <value name="ARG0">
                                              <block type="variables_get" id="=W=073rI=MkX-xF:UPQ:">
                                                <field name="VAR" id="Ya*Zq!j:3~/twUu25;1(" variabletype="">Tamaño Bloque</field>
                                              </block>
                                            </value>
                                            <value name="ARG1">
                                              <block type="variables_get" id="Q*e8;^*I=%_0el`1?1;]">
                                                <field name="VAR" id="RZl6QD.aE[;#A@?+jd}*" variabletype="">BloqueColumna</field>
                                              </block>
                                            </value>
                                            <next>
                                              <block type="variables_set" id="EMi[N?_n/r_@g[.~avwW">
                                                <field name="VAR" id="oPwSj[0A5I6Cmmi.5i1." variabletype="">Bandera</field>
                                                <value name="VALUE">
                                                  <block type="text_prompt" id="G5-6mv09g5/!jM,S:iYL">
                                                    <mutation type="NUMBER"></mutation>
                                                    <field name="TYPE">NUMBER</field>
                                                    <field name="TEXT">Ingrese 1 para poner un tope en la columna</field>
                                                  </block>
                                                </value>
                                                <next>
                                                  <block type="controls_if" id="md7Fd11Er:G,}VLs^ha5">
                                                    <value name="IF0">
                                                      <block type="logic_compare" id="/7NfagJ[aWHCSvc2|`M;">
                                                        <field name="OP">EQ</field>
                                                        <value name="A">
                                                          <block type="variables_get" id="VG/-nDL9J1_qQ9ZvvYsF">
                                                            <field name="VAR" id="oPwSj[0A5I6Cmmi.5i1." variabletype="">Bandera</field>
                                                          </block>
                                                        </value>
                                                        <value name="B">
                                                          <block type="math_number" id="z%#@|o+Uf)|sV/|LWenX">
                                                            <field name="NUM">1</field>
                                                          </block>
                                                        </value>
                                                      </block>
                                                    </value>
                                                    <statement name="DO0">
                                                      <block type="procedures_callnoreturn" id="odf3o}sZ^XrZCD%;(?ho">
                                                        <mutation name="Banderín"></mutation>
                                                      </block>
                                                    </statement>
                                                    <next>
                                                      <block type="controls_if" id="])m8oC|A.D}*.k,}!2Ag">
                                                        <value name="IF0">
                                                          <block type="logic_compare" id="@|K]b}o@J`b/@}}7KUV[">
                                                            <field name="OP">NEQ</field>
                                                            <value name="A">
                                                              <block type="variables_get" id="~:cKQRp4Amsjq7^/P5)H">
                                                                <field name="VAR" id="oPwSj[0A5I6Cmmi.5i1." variabletype="">Bandera</field>
                                                              </block>
                                                            </value>
                                                            <value name="B">
                                                              <block type="math_number" id="Ln/PKp#!/c[`tjT#a8#P">
                                                                <field name="NUM">1</field>
                                                              </block>
                                                            </value>
                                                          </block>
                                                        </value>
                                                        <statement name="DO0">
                                                          <block type="procedures_callnoreturn" id="qX;gk-5q4.1bV/+*tI:,">
                                                            <mutation name="No Bandera"></mutation>
                                                          </block>
                                                        </statement>
                                                      </block>
                                                    </next>
                                                  </block>
                                                </next>
                                              </block>
                                            </next>
                                          </block>
                                        </statement>
                                        <next>
                                          <block type="variables_set" id="2rX:0bGT^$oj=1c[|lMC">
                                            <field name="VAR" id="sRcwiKc)e5G_O]7lgU%=" variabletype="">Contador columnas</field>
                                            <value name="VALUE">
                                              <block type="math_arithmetic" id="XIP;6R.zKXfm*2VvGO{@">
                                                <field name="OP">ADD</field>
                                                <value name="A">
                                                  <block type="variables_get" id=")[p{2-X/;`$Zs8*dZOPA">
                                                    <field name="VAR" id="sRcwiKc)e5G_O]7lgU%=" variabletype="">Contador columnas</field>
                                                  </block>
                                                </value>
                                                <value name="B">
                                                  <block type="math_number" id="y7@I/v5WxyO8H4OhT%+e">
                                                    <field name="NUM">1</field>
                                                  </block>
                                                </value>
                                              </block>
                                            </value>
                                          </block>
                                        </next>
                                      </block>
                                    </next>
                                  </block>
                                </statement>
                                <next>
                                  <block type="text_print" id="7RkMqSixY!]7,9AG:HZ6">
                                    <value name="TEXT">
                                      <block type="text" id="wFygr2I_/E+TPdQp%uDJ">
                                        <field name="TEXT">¡Felicidades, ya tienes tu construcción!</field>
                                      </block>
                                    </value>
                                  </block>
                                </next>
                              </block>
                            </next>
                          </block>
                        </next>
                      </block>
                    </next>
                  </block>
                </next>
              </block>
            </next>
          </block>
        </next>
      </block>
    </next>
  </block>
</xml>